{
  "CAN": [
    -96,
    60
  ],
  "USA": [
    -98.58,
    39.83
  ],
  "KAZ": [
    65.05305593596476,
    47.246230283625366
  ],
  "UZB": [
    65.4647187981314,
    41.14974179546334
  ],
  "PNG": [
    146.37151826063717,
    -7.928599067783273
  ],
  "IDN": [
    113.85473854738554,
    -0.03251759286134801
  ],
  "ARG": [
    -65.15346804844194,
    -37.079158984590926
  ],
  "CHL": [
    -71.443888351927,
    -38.178817583571124
  ],
  "COD": [
    22.948905522113087,
    -3.8312643913072395
  ],
  "SOM": [
    46.990704192756226,
    6.650203905071709
  ],
  "KEN": [
    37.78547785477856,
    1.2754491343784582
  ],
  "SDN": [
    29.397218972189723,
    12.865185401298453
  ],
  "TCD": [
    17.893473671578832,
    12.880205003027362
  ],
  "HTI": [
    -72.75168751687515,
    18.795678020565855
  ],
  "DOM": [
    -70.4451444514445,
    18.753110171692057
  ],
  "RUS": [
    96,
    60
  ],
  "BHS": [
    -77.9106933926482,
    24.435561350067236
  ],
  "NOR": [
    8.47,
    60.47
  ],
  "ZAF": [
    25.240556753393626,
    -28.728343032362364
  ],
  "MEX": [
    -103.04795237301487,
    23.823428860090406
  ],
  "URY": [
    -56.063900639006384,
    -32.82177393766946
  ],
  "BRA": [
    -56.94383676510036,
    -9.537083516873354
  ],
  "BOL": [
    -64.03863021681067,
    -16.427770358646526
  ],
  "PER": [
    -74.13782137821381,
    -7.799230146075502
  ],
  "COL": [
    -72.71147256927118,
    4.523383611414841
  ],
  "PAN": [
    -80.37556846156697,
    8.492474769088027
  ],
  "CRI": [
    -84.20797922264934,
    9.829505985570554
  ],
  "NIC": [
    -85.0035912123827,
    13.120826051034799
  ],
  "HND": [
    -86.3644779304936,
    14.741794640612435
  ],
  "SLV": [
    -88.89748897488974,
    13.824415151601942
  ],
  "GTM": [
    -90.2121374154918,
    15.560416965772735
  ],
  "BLZ": [
    -88.60304392517607,
    17.396426460886527
  ],
  "VEN": [
    -66.91883402350506,
    7.235613427101525
  ],
  "GUY": [
    -58.95903574420359,
    4.547830365010288
  ],
  "SUR": [
    -55.924183241832424,
    3.7529788055224476
  ],
  "FRA": [
    2.21,
    46.23
  ],
  "ECU": [
    -78.80895058950591,
    -1.6834136434672624
  ],
  "PRI": [
    -66.45216452164522,
    18.24635812585445
  ],
  "JAM": [
    -77.32553325533254,
    18.157498799179525
  ],
  "CUB": [
    -79.67112354050373,
    21.68704079300835
  ],
  "ZWE": [
    29.61609616096162,
    -18.776292639295864
  ],
  "NAM": [
    17.88292766648597,
    -21.48625827822457
  ],
  "SEN": [
    -14.542010536384428,
    13.884162263132048
  ],
  "MLI": [
    -5.72566525665256,
    14.10132724119045
  ],
  "MRT": [
    -12.30302829344082,
    18.774347328062287
  ],
  "BEN": [
    2.311973119731205,
    9.956347133284543
  ],
  "NER": [
    8.630454725599893,
    15.348608714918296
  ],
  "NGA": [
    8.447737108950044,
    9.792324842316907
  ],
  "CMR": [
    13.146671466714677,
    6.807031549374727
  ],
  "TGO": [
    0.8682086820868307,
    8.767653823061119
  ],
  "GHA": [
    -1.0119101191011832,
    8.176903854981491
  ],
  "CIV": [
    -6.307943079430788,
    7.894444033395432
  ],
  "GIN": [
    -10.945231191442346,
    10.387514172565952
  ],
  "GNB": [
    -15.132751327513265,
    11.956716324839183
  ],
  "SLE": [
    -11.62905914773433,
    8.589102323414382
  ],
  "BFA": [
    -1.824555087656133,
    12.157289468335797
  ],
  "CAF": [
    20.593887906092185,
    6.3116557171005025
  ],
  "COG": [
    14.853448534485358,
    -1.012490465433965
  ],
  "GAB": [
    11.911799117991189,
    -0.4241429902607308
  ],
  "ZMB": [
    27.9320193201932,
    -12.909696458080079
  ],
  "MWI": [
    34.11094110941111,
    -13.050617633646395
  ],
  "MOZ": [
    34.86952237943433,
    -17.996733304912965
  ],
  "SWZ": [
    31.37359373593737,
    -26.38878182605533
  ],
  "AGO": [
    17.456989954514935,
    -11.012798292493502
  ],
  "BDI": [
    30.00660006600067,
    -3.3020285928162054
  ],
  "ISR": [
    35.16209944708144,
    32.032174360489186
  ],
  "LBN": [
    35.855278552785535,
    33.850225145832596
  ],
  "MDG": [
    46.93606936069361,
    -18.0858580218075
  ],
  "PSE": [
    35.220952209522096,
    31.84881691135757
  ],
  "GMB": [
    -15.191791917919168,
    13.495346126301497
  ],
  "TUN": [
    9.853538535385363,
    34.14032969044369
  ],
  "DZA": [
    3.2081337206814755,
    29.70292660259827
  ],
  "JOR": [
    36.71236712367123,
    31.062505901317966
  ],
  "ARE": [
    53.85,
    23.42
  ],
  "QAT": [
    51.18,
    25.35
  ],
  "KWT": [
    47.713977139771416,
    29.256663410354598
  ],
  "IRQ": [
    44.578190609492296,
    33.48271230895944
  ],
  "KHM": [
    105.03960039600395,
    12.669694882613605
  ],
  "THA": [
    100.58909160520176,
    13.163470310000545
  ],
  "LAO": [
    103.59033590335902,
    18.397089872584523
  ],
  "MMR": [
    97.11037110371105,
    19.994427745408785
  ],
  "VNM": [
    105.9758923170627,
    16.850076001761515
  ],
  "PRK": [
    127.25030107443932,
    39.82631912228013
  ],
  "KOR": [
    127.53927539275395,
    36.659421078402836
  ],
  "MNG": [
    104.81305353594075,
    47.176255946411935
  ],
  "IND": [
    83.4863148631486,
    23.93380638201089
  ],
  "BGD": [
    90.5522712369981,
    23.437580438725448
  ],
  "BTN": [
    90.52530525305254,
    27.4424521574081
  ],
  "NPL": [
    84.39646214643963,
    28.224221895942552
  ],
  "PAK": [
    69.3144562214853,
    30.718015253551073
  ],
  "AFG": [
    67.78634845171983,
    34.79119314512794
  ],
  "TJK": [
    70.86076860768607,
    38.547159898009085
  ],
  "TKM": [
    58.56908757766824,
    39.283743837891784
  ],
  "IRN": [
    53.40916111863822,
    33.34882981925041
  ],
  "SYR": [
    38.03618036180362,
    35.239971995346934
  ],
  "ARM": [
    45.247620897261605,
    40.00731684279885
  ],
  "SWE": [
    16.705136282132056,
    62.83898447756361
  ],
  "BLR": [
    28.22231478128736,
    53.310819178287815
  ],
  "UKR": [
    30.436582626695834,
    48.64982511225963
  ],
  "POL": [
    19.384884757938494,
    51.695585991444275
  ],
  "AUT": [
    13.38733387333874,
    47.63138520898584
  ],
  "HUN": [
    19.150391503915042,
    47.43295151895186
  ],
  "ROU": [
    25.117744200697825,
    45.86545069137023
  ],
  "LTU": [
    23.878438784387853,
    55.17779878849188
  ],
  "EST": [
    25.797182971829727,
    58.5510445771742
  ],
  "DEU": [
    10.631001046852575,
    50.996802914127755
  ],
  "BGR": [
    24.762580959142934,
    42.844186933367205
  ],
  "GRC": [
    23.142488567742834,
    39.759503356462886
  ],
  "TUR": [
    36.59851983135217,
    38.42455355672003
  ],
  "ALB": [
    20.08657229429438,
    41.24556981018838
  ],
  "HRV": [
    16.378627200906166,
    44.862709083510566
  ],
  "CHE": [
    8.250578157955497,
    46.76501392844043
  ],
  "LUX": [
    5.971859718597192,
    49.7592604819915
  ],
  "BEL": [
    4.469444694446951,
    50.61968473769963
  ],
  "NLD": [
    5.3,
    52.13
  ],
  "PRT": [
    -8.22,
    39.4
  ],
  "ESP": [
    -4.390603906039055,
    40.236891928473526
  ],
  "IRL": [
    -7.85077850778507,
    53.50362325221274
  ],
  "NCL": [
    165.48915489154896,
    -21.185884888722782
  ],
  "NZL": [
    172,
    -41
  ],
  "AUS": [
    133.27766730582113,
    -23.76625562656376
  ],
  "LKA": [
    80.76140761407616,
    7.643606848381631
  ],
  "CHN": [
    105.77936259711946,
    37.28499640469334
  ],
  "ITA": [
    12.660025061789085,
    43.02807209367416
  ],
  "DNK": [
    9.605425466019375,
    56.35431507987466
  ],
  "GBR": [
    -3.0843499924360875,
    53.90705539888247
  ],
  "ISL": [
    -19.02,
    64.96
  ],
  "AZE": [
    47.43502729144939,
    40.329668034881124
  ],
  "GEO": [
    43.512148164959925,
    42.207321557189786
  ],
  "PHL": [
    121.79968049680494,
    15.280043388602394
  ],
  "MYS": [
    114.68144681446812,
    3.665906068484367
  ],
  "BRN": [
    114.93397791120769,
    4.6430228367888935
  ],
  "SVN": [
    15.065409477624193,
    46.0833716635021
  ],